slide.id,slide.date,location,type,trigger,size,lon,lat,location_accuracy,event_title,admin_division_name,ge.lat,ge.lon,is.exact,slide.index
7392,2015-12-13T19:45:00Z,Interstate 5 in the Fort Tejon area,mudslide,downpour,medium,-118.8962,34.8813,10km,Interstate 5 in the Fort Tejon area,California,NA,NA,FALSE,17
7534,2015-11-29T00:00:00Z,Near the twin bridges on the Tryon side of 176,rock_fall,rain,medium,-82.3216,35.2207,5km,Near the twin bridges on the Tryon side of 176,North Carolina,NA,NA,FALSE,48
7536,2016-02-16T15:00:00Z,Tyee Access Road,rock_fall,rain,medium,-123.5684,43.433,1km,Tyee Access Road,Oregon,43.433,-123.5684,TRUE,69
7538,2016-01-07T05:55:00Z,Highway 140  between El Portal and Yosemite Valley,rock_fall,rain,medium,-119.7246083,37.69856389,25km,Highway 140  between El Portal and Yosemite Valley,California,37.69856389,-119.7246083,TRUE,64
7555,2016-03-11T00:00:00Z,Route 1 north of Westport,landslide,rain,medium,-123.7974639,39.69405556,exact,Route 1 north of Westport,California,39.69405556,-123.7974639,TRUE,66
7556,2016-03-11T00:00:00Z,Occidental Road at Green Hill Road,landslide,rain,medium,-122.9247444,38.51403333,1km,Occidental Road at Green Hill Road,California,38.51403333,-122.9247444,TRUE,109
7564,2016-03-12T20:30:00Z,Pulga,rock_fall,rain,medium,-121.4519,39.7958,5km,Pulga,California,NA,NA,FALSE,60
7568,2016-03-14T00:00:00Z,Annapolis Rd 2 �_ miles in from State Hwy 1,rock_fall,rain,medium,-123.3974,38.7164,5km,Annapolis Rd 2 ½ miles in from State Hwy 1,California,NA,NA,FALSE,94
7569,2016-03-12T00:00:00Z,Stewarts Point-Skaggs Springs Rd,landslide,rain,medium,-123.3792,38.6498,10km,Stewarts Point-Skaggs Springs Rd,California,NA,NA,FALSE,79
7570,2016-03-11T23:00:00Z,Westside Rd near Hacienda,landslide,rain,medium,-122.9247444,38.51403333,5km,Westside Rd near Hacienda,California,38.51403333,-122.9247444,TRUE,91
7572,2016-03-13T00:00:00Z,Calistoga Rd near Gates Rd,landslide,rain,medium,-122.65055,38.53228056,1km,Calistoga Rd near Gates Rd,California,38.53228056,-122.65055,TRUE,92
7672,2016-05-02T14:45:00Z,train tracks in Borderland,landslide,downpour,medium,-82.3079,37.7123,5km,train tracks in Borderland,West Virginia,NA,NA,FALSE,97
7735,2016-05-28T00:00:00Z,Blue River Street close to the intersection with Oldham Street,rock_fall,downpour,medium,-94.5226,38.9913,1km,Blue River Street close to the intersection with Oldham Street,Missouri,NA,NA,FALSE,122
7737,2016-06-03T00:00:00Z,Logan Pass,landslide,rain,medium,-113.7718,48.7489,10km,Logan Pass,Montana,NA,NA,FALSE,74
7754,2015-11-16T00:00:00Z,Kelso,mudslide,rain,medium,-122.9199,46.2128,5km,Kelso,Washington,NA,NA,FALSE,47
7755,2015-11-17T00:00:00Z,Skykomish,mudslide,rain,medium,-121.225,47.717,10km,Skykomish,Washington,NA,NA,FALSE,13
7757,2015-12-07T18:00:00Z,Edmonds,mudslide,rain,medium,-122.3805278,47.70679444,5km,Edmonds,Washington,47.70679444,-122.3805278,TRUE,2
7760,2015-12-08T23:00:00Z,Burien,landslide,rain,medium,-122.3633,47.488,1km,Burien,Washington,NA,NA,FALSE,16
7761,2015-12-09T09:00:00Z,Tillamook,landslide,continuous_rain,medium,-123.8466,45.428,exact,Tillamook,Oregon,NA,NA,FALSE,44
7764,2015-12-21T09:00:00Z,Florence,landslide,rain,medium,-124.0097,44.1646,10km,Florence,Oregon,NA,NA,FALSE,36
7834,2016-06-20T16:50:00Z,US 285 near Bailey,mudslide,downpour,medium,-105.4724,39.4078,10km,US 285 near Bailey,Colorado,NA,NA,FALSE,103
7856,2015-12-09T00:00:00Z,Tumwater Canyon west of Leavenworth,mudslide,rain,medium,-120.7267194,47.62933056,5km,Tumwater Canyon west of Leavenworth,Washington,47.62933056,-120.7267194,TRUE,27
7889,2016-06-21T23:00:00Z,"El Portal, Highway 140 near the entrance to Yosemite National Park",debris_flow,downpour,medium,-119.7826,37.6745,1km,"El Portal, Highway 140 near the entrance to Yosemite National Park",California,NA,NA,FALSE,65
7922,2016-06-25T09:00:00Z,"Caddy Lake, 140 kmeast of Winnipeg, Canada",landslide,downpour,large,-95.2098,49.8063,5km,"Caddy Lake, 140 kmeast of Winnipeg, Canada",Manitoba,NA,NA,FALSE,70
7929,2015-09-04T00:00:00Z,Featherville,landslide,rain,medium,-115.2605,43.6091,10km,Featherville,Idaho,NA,NA,FALSE,29
8021,2015-09-08T11:45:00Z,"Zoo Fwy, Wisconsin",mudslide,rain,medium,-88.0271,43.024,1km,"Zoo Fwy, Wisconsin",Wisconsin,NA,NA,FALSE,11
8111,2016-06-24T00:00:00Z,"Richwood, West Virginia, USA",debris_flow,downpour,medium,-80.5293,38.2217,1km,"Richwood, West Virginia, USA",West Virginia,NA,NA,FALSE,102
8115,2015-09-11T00:00:00Z,"Dry Straits Road, Alaska",rock_fall,rain,medium,-132.6394,56.6215,1km,"Dry Straits Road, Alaska",Alaska,NA,NA,FALSE,12
8120,2016-06-23T00:00:00Z,"4868 Scenic Highway, Nicholas County, West Virginia, USA",mudslide,rain,medium,-80.7427,38.3529,5km,"4868 Scenic Highway, Nicholas County, West Virginia, USA",West Virginia,NA,NA,FALSE,116
8123,2015-09-15T15:30:00Z,"American Fork Canyon, State Route 92 and SR 144 intersection off the Alpine Loop",mudslide,downpour,medium,-111.662,40.4537,1km,"American Fork Canyon, State Route 92 and SR 144 intersection off the Alpine Loop",Utah,NA,NA,FALSE,21
8321,2015-09-21T00:00:00Z,"Birken, BC, Canada",landslide,downpour,medium,-122.6205,50.479,5km,"Birken, BC, Canada",British Columbia,NA,NA,FALSE,1
8337,2015-09-20T00:00:00Z,"Birken in Squamish-Lillooet, BC, Canada",debris_flow,downpour,medium,-122.7105,50.4729,5km,"Birken in Squamish-Lillooet, BC, Canada",British Columbia,NA,NA,FALSE,10
8338,2015-09-20T00:00:00Z,"Birken in Squamish-Lillooet, BC, Canada",debris_flow,downpour,medium,-122.7103,50.4729,5km,"Birken in Squamish-Lillooet, BC, Canada",British Columbia,NA,NA,FALSE,25
8343,2016-07-05T06:00:00Z,"Grauwyler Road,  eastbound Texas 183 near Loop 12, Irving, Texas, USA",mudslide,downpour,large,-96.8975,32.834,1km,"Grauwyler Road,  eastbound Texas 183 near Loop 12, Irving, Texas, USA",Texas,NA,NA,FALSE,120
8421,2015-09-28T12:00:00Z,Walmart in Breathitt County,rock_fall,rain,medium,-83.36088333,37.55205278,exact,Walmart in Breathitt County,Kentucky,37.55205278,-83.36088333,TRUE,50
8422,2015-09-29T00:00:00Z,Back Creek Orchard Rd and Countrywood Drive,mudslide,rain,medium,-80.11041944,37.18698611,1km,Back Creek Orchard Rd and Countrywood Drive,Virginia,37.18698611,-80.11041944,TRUE,49
8596,2015-10-04T23:00:00Z,"Between 3rd and 7th Ave, Coast Highway, Laguna Beach",mudslide,rain,medium,-117.7431,33.5006,exact,"Between 3rd and 7th Ave, Coast Highway, Laguna Beach",California,NA,NA,FALSE,3
8678,2015-10-08T00:00:00Z,between Fort Davis and Fort Davis State Park,rock_fall,flooding,medium,-103.9220611,30.60231111,exact,between Fort Davis and Fort Davis State Park,Texas,30.60231111,-103.9220611,TRUE,5
8728,2015-10-11T00:00:00Z,Broadmoor Bluffs neighborhood,landslide,rain,large,-104.8318,38.7612,5km,Broadmoor Bluffs neighborhood,Colorado,NA,NA,FALSE,15
8741,2015-10-16T00:00:00Z,San Francisquito Canyon Road,mudslide,flooding,large,-118.4938,34.5587,1km,San Francisquito Canyon Road,California,NA,NA,FALSE,28
8742,2015-10-16T00:00:00Z,Lake Hughes Road,mudslide,flooding,large,-118.5561,34.5784,1km,Lake Hughes Road,California,NA,NA,FALSE,51
8743,2015-10-16T00:00:00Z,Lake Elizabeth,mudslide,flooding,large,-118.4041,34.6685,5km,Lake Elizabeth,California,NA,NA,FALSE,34
8889,2016-07-07T00:00:00Z,"Route 161, St. Francis, Maine, USA",mudslide,rain,medium,-68.93604722,47.11459722,5km,"Route 161, St. Francis, Maine, USA",Maine,47.11459722,-68.93604722,TRUE,98
8896,2015-11-03T19:00:00Z,Highway 243 at Vista Grande Road,landslide,downpour,medium,-116.8176,33.8453,exact,Highway 243 at Vista Grande Road,California,NA,NA,FALSE,23
8925,2015-11-08T00:00:00Z,"Gold Bluffs Beach in Orick, CA",landslide,rain,medium,-124.0682,41.3842,exact,"Gold Bluffs Beach in Orick, CA",California,41.3842,-124.0682,TRUE,31
8945,2015-11-13T00:00:00Z,"Cougar Mountain in Issaquah,  Talus Drive and Shangri-La Way Northwest",landslide,rain,large,-122.073,47.5328,exact,"Cougar Mountain in Issaquah,  Talus Drive and Shangri-La Way Northwest",Washington,NA,NA,FALSE,40
8961,2015-11-17T00:00:00Z,SR 411 several miles north of Kelso,landslide,rain,medium,-122.889,46.2567,5km,SR 411 several miles north of Kelso,Washington,NA,NA,FALSE,52
8992,2015-12-07T00:00:00Z,Northwest Cornelius Pass,landslide,flooding,medium,-122.875,45.5803,5km,Northwest Cornelius Pass,Oregon,NA,NA,FALSE,18
8993,2015-12-07T00:00:00Z,"Northwest Cornell Road, Portland",landslide,flooding,medium,-122.7701,45.5287,5km,"Northwest Cornell Road, Portland",Oregon,NA,NA,FALSE,45
9009,2015-12-08T15:00:00Z,Highway 2 west of Stevens Pass,mudslide,downpour,medium,-121.0968,47.7471,1km,Highway 2 west of Stevens Pass,Washington,NA,NA,FALSE,19
9013,2015-12-09T00:00:00Z,I-5 near Portland border,rock_fall,flooding,medium,-122.6573,45.7326,1km,I-5 near Portland border,Washington,NA,NA,FALSE,6
9014,2015-12-09T00:00:00Z,SR 2 just west of Leavenworth,mudslide,flooding,medium,-120.6271,47.5881,5km,SR 2 just west of Leavenworth,Washington,NA,NA,FALSE,14
9033,2015-12-09T00:00:00Z,Rimrock Lake,rock_fall,flooding,medium,-121.1875,46.6437,10km,Rimrock Lake,Washington,NA,NA,FALSE,43
9046,2016-07-07T00:00:00Z,"Greenbrier River Trail, near milepost 13, West Virginia, USA",landslide,continuous_rain,very_large,-80.3442,37.8849,1km,"Greenbrier River Trail, near milepost 13, West Virginia, USA",West Virginia,NA,NA,FALSE,101
9061,2015-12-14T23:00:00Z,Camas,mudslide,continuous_rain,medium,-122.4417944,45.59663056,5km,Camas,Washington,45.59663056,-122.4417944,TRUE,35
9063,2016-06-15T00:00:00Z,"Peace River, town of Peace River, Alberta, Canada",mudslide,downpour,large,-117.2681389,56.22486111,exact,"Peace River, town of Peace River, Alberta, Canada",Alberta,56.22486111,-117.2681389,TRUE,107
9064,2015-12-15T23:00:00Z,Kalama,landslide,downpour,medium,-122.6882056,46.02220278,5km,Kalama,Washington,46.02220278,-122.6882056,TRUE,41
9065,2016-06-15T00:00:00Z,"Highway 29 approx 12 km north/east of Hudson���s Hope, British Columbia, Canada",mudslide,downpour,medium,-121.8022,56.1127,1km,"Highway 29 approx 12 km north/east of Hudson’s Hope, British Columbia, Canada",British Columbia,NA,NA,FALSE,57
9070,2016-07-19T15:00:00Z,"US 97, six miles north of Chelan, Washington, USA",mudslide,downpour,medium,-119.9177,47.8885,exact,"US 97, six miles north of Chelan, Washington, USA",Washington,NA,NA,FALSE,80
9072,2016-07-19T00:00:00Z,"McNeil Canyon Road, Douglas County, Washington, USA",mudslide,downpour,medium,-119.9011,47.8311,5km,"McNeil Canyon Road, Douglas County, Washington, USA",Washington,NA,NA,FALSE,90
9088,2015-12-18T00:00:00Z,Santa Road,landslide,rain,medium,-124.0757444,44.04293889,exact,Santa Road,Oregon,44.04293889,-124.0757444,TRUE,33
9107,2016-07-20T14:30:00Z,"Highway 145 between Sawpit and Placerville, San Miguel County, Colorado, USA",mudslide,downpour,medium,-108.0511,38.0131,5km,"Highway 145 between Sawpit and Placerville, San Miguel County, Colorado, USA",Colorado,NA,NA,FALSE,100
9108,2016-07-20T14:30:00Z,"Highway 145 between Sawpit and Placerville, San Miguel County, Colorado, USA",mudslide,downpour,medium,-108.0488,38.0115,5km,"Highway 145 between Sawpit and Placerville, San Miguel County, Colorado, USA",Colorado,NA,NA,FALSE,114
9109,2016-07-20T14:30:00Z,"Highway 145 between Sawpit and Placerville, San Miguel County, Colorado, USA",mudslide,downpour,medium,-108.0462,38.009,5km,"Highway 145 between Sawpit and Placerville, San Miguel County, Colorado, USA",Colorado,NA,NA,FALSE,86
9110,2016-07-20T14:30:00Z,"Highway 145 between Sawpit and Placerville, San Miguel County, Colorado, USA",mudslide,downpour,medium,-108.044,38.0072,5km,"Highway 145 between Sawpit and Placerville, San Miguel County, Colorado, USA",Colorado,NA,NA,FALSE,82
9111,2016-07-20T14:30:00Z,"Highway 145 between Sawpit and Placerville, San Miguel County, Colorado, USA",mudslide,downpour,medium,-108.0372,38.0021,5km,"Highway 145 between Sawpit and Placerville, San Miguel County, Colorado, USA",Colorado,NA,NA,FALSE,124
9112,2016-07-20T14:30:00Z,"Highway 145 between Sawpit and Placerville, San Miguel County, Colorado, USA",mudslide,downpour,medium,-108.0336,37.9979,5km,"Highway 145 between Sawpit and Placerville, San Miguel County, Colorado, USA",Colorado,NA,NA,FALSE,72
9113,2016-07-20T14:30:00Z,"Highway 145 between Sawpit and Placerville, San Miguel County, Colorado, USA",mudslide,downpour,medium,-108.0294,37.9948,5km,"Highway 145 between Sawpit and Placerville, San Miguel County, Colorado, USA",Colorado,NA,NA,FALSE,75
9114,2016-07-20T14:30:00Z,"Highway 145 between Sawpit and Placerville, San Miguel County, Colorado, USA",mudslide,downpour,medium,-108.0216,37.9939,5km,"Highway 145 between Sawpit and Placerville, San Miguel County, Colorado, USA",Colorado,NA,NA,FALSE,62
9115,2016-07-20T14:30:00Z,"Highway 145 between Sawpit and Placerville, San Miguel County, Colorado, USA",mudslide,downpour,medium,-108.0164,37.9926,5km,"Highway 145 between Sawpit and Placerville, San Miguel County, Colorado, USA",Colorado,NA,NA,FALSE,123
9116,2016-07-20T14:30:00Z,"Highway 145 between Sawpit and Placerville, San Miguel County, Colorado, USA",mudslide,downpour,medium,-108.012,37.9933,5km,"Highway 145 between Sawpit and Placerville, San Miguel County, Colorado, USA",Colorado,NA,NA,FALSE,78
9117,2016-07-20T14:30:00Z,"Highway 145 between Sawpit and Placerville, San Miguel County, Colorado, USA",mudslide,downpour,medium,-108.0364,38.0008,5km,"Highway 145 between Sawpit and Placerville, San Miguel County, Colorado, USA",Colorado,NA,NA,FALSE,85
9118,2015-12-24T15:00:00Z,Highway 42 near the border of Coos and Douglas counties,landslide,rain,medium,-123.8241,42.9646,exact,Highway 42 near the border of Coos and Douglas counties,Oregon,NA,NA,FALSE,20
9123,2015-12-27T00:00:00Z,Highway 10 near Peyton���s Place,rock_fall,downpour,medium,-94.9213,36.0281,1km,Highway 10 near Peyton’s Place,Oklahoma,NA,NA,FALSE,7
9143,2015-12-28T18:00:00Z,"US 431, south of Rockledge Road",landslide,rain,medium,-86.11615278,34.08097778,1km,"US 431, south of Rockledge Road",Alabama,34.08097778,-86.11615278,TRUE,38
9151,2016-07-22T00:00:00Z,"Saint-Fulgence, Qu��bec, Canada",landslide,downpour,medium,-70.91006944,48.45320278,1km,"Saint-Fulgence, Québec, Canada",Quebec,48.45320278,-70.91006944,TRUE,111
9157,2016-01-05T00:00:00Z,Crescent Valley,mudslide,rain,medium,-118.5393,34.3515,exact,Crescent Valley,California,NA,NA,FALSE,88
9174,2016-01-06T00:00:00Z,Camarillo Springs,mudslide,downpour,medium,-118.9767278,34.21574444,1km,Camarillo Springs,California,34.21574444,-118.9767278,TRUE,108
9177,2016-06-02T00:00:00Z,"Bent Mountain Surface Mines near Meta, Pike County, Kentucky",mudslide,downpour,large,-82.44406389,37.57370278,5km,"Bent Mountain Surface Mines near Meta, Pike County, Kentucky",Kentucky,37.57370278,-82.44406389,TRUE,104
9187,2016-01-07T15:00:00Z,above the 1800 block of Roeder Avenue across from Squalicum Marina,mudslide,rain,medium,-122.4964917,48.75860556,exact,above the 1800 block of Roeder Avenue across from Squalicum Marina,Washington,48.75860556,-122.4964917,TRUE,112
9194,2016-01-08T01:30:00Z,Highway 99 near Horseshoe Bay,rock_fall,rain,medium,-123.2662556,49.37445833,exact,Highway 99 near Horseshoe Bay,British Columbia,49.37445833,-123.2662556,TRUE,68
9214,2016-07-19T12:00:00Z,"Oldhorn Moutain, Alberta, Canada",rock_fall,rain,large,-118.175,52.6843,5km,"Oldhorn Moutain, Alberta, Canada",Alberta,NA,NA,FALSE,110
9236,2016-06-03T08:00:00Z,"Lakefront Residences, Granbury, Texas, USA",riverbank_collapse,rain,medium,-97.78831389,32.43976944,exact,"Lakefront Residences, Granbury, Texas, USA",Texas,32.43976944,-97.78831389,TRUE,76
9237,2016-01-21T09:20:00Z,9 miles north of downtown Seattle,mudslide,rain,medium,-122.3856,47.7651,exact,9 miles north of downtown Seattle,Washington,NA,NA,FALSE,71
9278,2016-05-31T00:00:00Z,"Stemmons Freeway Frontage road near American Airlines Center, Dallas, Texas, USA",mudslide,downpour,medium,-96.8139,32.7913,5km,"Stemmons Freeway Frontage road near American Airlines Center, Dallas, Texas, USA",Texas,NA,NA,FALSE,93
9306,2016-05-24T12:00:00Z,"Going-to-the-Sun Road about two miles north of Apgar Campground, Glacier National Park, Montana, USA",mudslide,downpour,medium,-113.9591,48.5431,1km,"Going-to-the-Sun Road about two miles north of Apgar Campground, Glacier National Park, Montana, USA",Montana,NA,NA,FALSE,125
9332,2016-02-24T23:00:00Z,Thornburg Road,landslide,rain,medium,-80.08284722,40.43685,1km,Thornburg Road,Pennsylvania,40.43685,-80.08284722,TRUE,77
9353,2016-08-02T00:00:00Z,"Highway 12, 30 km south of junction with Highway 99 at Lillooet, British Columbia",mudslide,rain,medium,-121.7,50.4868,5km,"Highway 12, 30 km south of junction with Highway 99 at Lillooet, British Columbia",British Columbia,NA,NA,FALSE,118
9378,2016-05-11T18:00:00Z,"Across from Save-A-Lot, Warwood, West Virginia, USA",mudslide,downpour,medium,-80.7009,40.1031,exact,"Across from Save-A-Lot, Warwood, West Virginia, USA",West Virginia,NA,NA,FALSE,84
9385,2016-03-11T09:00:00Z,Fort Bragg,mudslide,rain,medium,-123.7974639,39.69405556,5km,Fort Bragg,California,39.69405556,-123.7974639,TRUE,83
9394,2016-04-22T00:00:00Z,"Oak Trail parallel to Bliss Road near Hixon Forest, La Crosse, Wisconsin, USA",mudslide,downpour,large,-91.2105,43.8156,1km,"Oak Trail parallel to Bliss Road near Hixon Forest, La Crosse, Wisconsin, USA",Wisconsin,NA,NA,FALSE,81
9416,2016-03-14T00:00:00Z,Morgana,mudslide,continuous_rain,medium,-122.1239,37.844,5km,Morgana,California,NA,NA,FALSE,121
9446,2016-08-07T00:00:00Z,County Road 201 in the Animas Valley,debris_flow,rain,medium,-107.8385,37.4198,1km,County Road 201 in the Animas Valley,Colorado,NA,NA,FALSE,99
9488,2016-08-29T00:00:00Z,exit 297 on Interstate 25 near Glorieta,rock_fall,downpour,medium,-105.785,35.5722,5km,exit 297 on Interstate 25 near Glorieta,New Mexico,NA,NA,FALSE,58
9493,2016-09-01T00:00:00Z,US 60 along milepost 289 to 299,unknown,downpour,medium,-110.5052,33.7946,5km,US 60 along milepost 289 to 299,Arizona,NA,NA,FALSE,105
9534,2016-09-29T00:00:00Z,"Highway 99, 15 kilometres north of Lillooet",landslide,rain,medium,-121.859,50.8267,10km,"Highway 99, 15 kilometres north of Lillooet",British Columbia,NA,NA,FALSE,59
9541,2016-10-05T10:00:00Z,"south of Northfield, VT",landslide,rain,medium,-72.6672,44.1292,5km,"south of Northfield, VT",Vermont,NA,NA,FALSE,128
9589,2016-09-26T23:00:00Z,"Indian Creek Road, parallel to Highway 66",mudslide,downpour,medium,-94.026,44.1476,1km,"Indian Creek Road, parallel to Highway 66",Minnesota,NA,NA,FALSE,73
9590,2016-09-27T00:00:00Z,Highway 169,mudslide,rain,medium,-94.0658,44.1527,5km,Highway 169,Minnesota,NA,NA,FALSE,119
9592,2016-09-23T00:00:00Z,"Victory, Wisconsin",mudslide,downpour,medium,-91.2132,43.486,5km,"Victory, Wisconsin",Wisconsin,NA,NA,FALSE,96
9610,2016-10-15T00:00:00Z,"South Lakeshore Road, Chelan",mudslide,rain,medium,-120.2157611,47.91456944,25km,"South Lakeshore Road, Chelan",Washington,47.91456944,-120.2157611,TRUE,67
9641,2016-10-16T17:00:00Z,Highway 26 about a half-mile east of Montgomery Drive,mudslide,downpour,medium,-120.6650694,38.30836944,1km,Highway 26 about a half-mile east of Montgomery Drive,California,38.30836944,-120.6650694,TRUE,117
9642,2016-10-16T15:00:00Z,Reds Meadow Valley Road,mudslide,rain,medium,-119.076,37.6141,5km,Reds Meadow Valley Road,California,NA,NA,FALSE,95
9662,2016-10-21T18:00:00Z,U.S. 119 about 10 miles from Roane County High School,landslide,downpour,medium,-81.3907,38.6725,5km,U.S. 119 about 10 miles from Roane County High School,West Virginia,NA,NA,FALSE,89
9734,2017-05-20T13:34:00Z,Big Sur Landslide,landslide,rain,very_large,-121.4323838,35.86562803,exact,Big Sur Landslide,NA,35.86562803,-121.4323838,TRUE,54
9806,2017-05-19T20:14:00Z,"Rockslide on Highway 20, WY",rock_fall,rain,medium,-108.1852766,43.51364004,1km,"Rockslide on Highway 20, WY",NA,NA,NA,FALSE,55
9844,2017-06-19T13:10:00Z,Significant mudslide by Sheep Creek Bridge,mudslide,rain,large,-122.2792711,51.97686189,exact,Significant mudslide by Sheep Creek Bridge,NA,NA,NA,FALSE,56
9967,2017-07-01T14:33:00Z,Mudslide / debris flow at railroad berm damages homes,debris_flow,downpour,medium,-72.34106092,43.65859938,exact,Mudslide / debris flow at railroad berm damages homes,NA,NA,NA,FALSE,53
10032,2017-07-11T21:47:00Z,Cassville rock slide,landslide,rain,medium,-90.9992342,42.72187313,5km,Cassville rock slide,NA,NA,NA,FALSE,115
10034,2016-09-20T14:24:00Z,Balligomingo Road Mudslide,mudslide,rain,medium,-75.32570278,40.070575,1km,Balligomingo Road Mudslide,NA,40.070575,-75.32570278,TRUE,127
10063,2016-07-02T12:55:00Z,Mudslide closes Highway 837,mudslide,rain,medium,-112.911742,51.575712,1km,Mudslide closes Highway 837,NA,NA,NA,FALSE,152
10120,2017-01-06T18:08:00Z,Multiple Rockslides along Highway 1 near Ragged Point,rock_fall,rain,medium,-121.3288786,35.77900132,1km,Multiple Rockslides along Highway 1 near Ragged Point,NA,NA,NA,FALSE,166
10121,2017-03-05T16:52:00Z,New Camaldoli Hermitage Monks Trapped by Mudslides,mudslide,rain,medium,-121.5319778,36.01867778,5km,New Camaldoli Hermitage Monks Trapped by Mudslides,NA,36.01867778,-121.5319778,TRUE,162
10123,2017-03-08T16:55:00Z,Pfeiffer Canyon Bridge Failure from Landslide,landslide,rain,medium,-121.7747833,36.23930278,exact,Pfeiffer Canyon Bridge Failure from Landslide,NA,36.23930278,-121.7747833,TRUE,173
10125,2016-12-16T14:35:00Z,Multiple Rockslides on HWY 1 on a 36-mi stretch,rock_fall,flooding,medium,-121.501461,36.000259,10km,Multiple Rockslides on HWY 1 on a 36-mi stretch,NA,NA,NA,FALSE,174
10127,2016-12-15T14:22:00Z,Rockslide on Highway 1 near Ragged Point,translational_slide,rain,medium,-121.323815,35.770582,exact,Rockslide on Highway 1 near Ragged Point,NA,NA,NA,FALSE,165
10130,2017-01-03T19:12:00Z,Highway 1 Landslides all across Ragged Point to Fuller's Point,landslide,rain,medium,-121.4896698,35.98028292,10km,Highway 1 Landslides all across Ragged Point to Fuller's Point,NA,NA,NA,FALSE,145
10132,2017-01-06T18:08:00Z,Highway 41 Mudslide near Morro Bay,mudslide,rain,medium,-120.7765753,35.42801327,1km,Highway 41 Mudslide near Morro Bay,NA,NA,NA,FALSE,150
10133,2017-02-23T20:51:00Z,Fremont Hall Mudslide Closes Dorm,mudslide,rain,medium,-120.6553361,35.30040833,exact,Fremont Hall Mudslide Closes Dorm,NA,35.30040833,-120.6553361,TRUE,131
10135,2017-01-06T17:02:00Z,Highway 41 Closed Indefinitely from Mudslide,landslide,rain,large,-120.7711518,35.42818822,1km,Highway 41 Closed Indefinitely from Mudslide,NA,NA,NA,FALSE,163
10136,2017-01-22T19:39:00Z,Highway 198 Mud and Rockslides between Fresno and Monterey Counties,debris_flow,continuous_rain,medium,-120.3936333,36.10976111,5km,Highway 198 Mud and Rockslides between Fresno and Monterey Counties,NA,36.10976111,-120.3936333,TRUE,130
10138,2017-01-06T16:07:00Z,Elkhorn Road Landslide between Walker Valley Road and Elkhorn Slough Foundation,landslide,rain,medium,-121.7232875,36.81539141,exact,Elkhorn Road Landslide between Walker Valley Road and Elkhorn Slough Foundation,NA,36.81539141,-121.7232875,TRUE,143
10142,2016-12-10T14:22:00Z,Mudslide damages deck of Soquel home,mudslide,rain,large,-121.93556,37.018892,1km,Mudslide damages deck of Soquel home,NA,NA,NA,FALSE,171
10144,2017-01-04T19:12:00Z,Soquel San Jose Road Mudslides,mudslide,downpour,medium,-121.9423608,37.07743124,5km,Soquel San Jose Road Mudslides,NA,NA,NA,FALSE,133
10146,2017-01-18T21:23:00Z,Upper Zayante Road Mudslide Washed Out Cliff near Highway 35,mudslide,continuous_rain,medium,-122.0185569,37.14832241,exact,Upper Zayante Road Mudslide Washed Out Cliff near Highway 35,NA,37.14832241,-122.0185569,TRUE,156
10148,2017-02-06T15:32:00Z,Highway 17 Mudslide near Vine Hill Road,mudslide,rain,medium,-121.9782028,37.08799444,1km,Highway 17 Mudslide near Vine Hill Road,NA,37.08799444,-121.9782028,TRUE,154
10149,2017-02-13T15:32:00Z,Hillside Mudslide south of Glenwood Drive on Highway 17,mudslide,rain,medium,-121.9779056,37.09113889,1km,Hillside Mudslide south of Glenwood Drive on Highway 17,NA,37.09113889,-121.9779056,TRUE,136
10151,2017-01-09T15:19:00Z,Highway 17 300-foot section of Hillside Blocks Vine Hill Road,landslide,rain,medium,-121.9789583,37.07912222,exact,Highway 17 300-foot section of Hillside Blocks Vine Hill Road,NA,37.07912222,-121.9789583,TRUE,155
10153,2017-02-07T19:34:00Z,Felton Home Destroyed in Mudslide into Shingle Mill Creek,mudslide,rain,medium,-122.0848471,37.03845686,exact,Felton Home Destroyed in Mudslide into Shingle Mill Creek,NA,NA,NA,FALSE,169
10155,2017-01-09T15:19:00Z,Highway 9 Landslide at Glengarry Road,landslide,rain,medium,-122.0650416,37.03155782,exact,Highway 9 Landslide at Glengarry Road,NA,NA,NA,FALSE,147
10158,2017-02-28T17:35:00Z,San Lorenzo Valley Landslide Cuts Off Water Supply,landslide,rain,medium,-122.154441,37.196704,10km,San Lorenzo Valley Landslide Cuts Off Water Supply,NA,NA,NA,FALSE,137
10159,2017-02-24T17:31:00Z,Skyline-to-the-Sea Trail 400-yard Landslide in Widow Maker Event,landslide,rain,medium,-122.2348048,37.17394985,5km,Skyline-to-the-Sea Trail 400-yard Landslide in Widow Maker Event,NA,NA,NA,FALSE,138
10162,2017-02-10T20:02:00Z,Highway 35 Washout Mudslide near Las Cumbres Road,mudslide,rain,medium,-122.0695139,37.21596389,1km,Highway 35 Washout Mudslide near Las Cumbres Road,NA,37.21596389,-122.0695139,TRUE,146
10164,2016-12-10T14:22:00Z,Rockslide near Boulder Creek,rock_fall,rain,medium,-122.122693,37.126455,1km,Rockslide near Boulder Creek,NA,NA,NA,FALSE,129
10171,2017-02-15T16:47:00Z,Alambique Trail Closure due to Mudslides,mudslide,rain,medium,-122.2765248,37.39806804,1km,Alambique Trail Closure due to Mudslides,NA,NA,NA,FALSE,151
10173,2017-01-24T21:52:00Z,Scenic Drive Landslide in La Honda Forces Residents to Evacuate,landslide,rain,medium,-122.265628,37.31941622,exact,Scenic Drive Landslide in La Honda Forces Residents to Evacuate,NA,37.31941622,-122.265628,TRUE,135
10176,2017-02-20T14:46:00Z,Niles Canyon Road 4-mile Mudslide,mudslide,rain,medium,-121.9330167,37.59287778,1km,Niles Canyon Road 4-mile Mudslide,NA,37.59287778,-121.9330167,TRUE,140
10177,2017-03-01T20:30:00Z,Crow Canyon Road Mudslide in Castro Valley,mudslide,rain,medium,-122.0318806,37.73673333,exact,Crow Canyon Road Mudslide in Castro Valley,NA,37.73673333,-122.0318806,TRUE,157
10182,2017-02-08T21:15:00Z,200-ft Landslide Crashes into Home on Van Tassel and Sunnyvale Lane in Orinda,landslide,rain,medium,-122.1879583,37.91467778,exact,200-ft Landslide Crashes into Home on Van Tassel and Sunnyvale Lane in Orinda,NA,37.91467778,-122.1879583,TRUE,158
10185,2017-01-11T17:02:00Z,Alhambra Valley Road Sinkhole near Pinole Creek,mudslide,flooding,medium,-122.2428222,37.97125556,exact,Alhambra Valley Road Sinkhole near Pinole Creek,NA,37.97125556,-122.2428222,TRUE,161
10195,2017-02-08T16:16:00Z,"Manor Hill Home Slammed by Mudslide, Woman and 4-year-old Escape",mudslide,rain,medium,-122.5988299,37.99222287,1km,"Manor Hill Home Slammed by Mudslide, Woman and 4-year-old Escape",NA,NA,NA,FALSE,148
10205,2017-01-22T19:39:00Z,Bridgeway Blocked by Landslide in Sausalito,landslide,downpour,medium,-122.4978861,37.86384722,exact,Bridgeway Blocked by Landslide in Sausalito,NA,37.86384722,-122.4978861,TRUE,134
10209,2017-01-10T16:56:00Z,Highway 128 Mudslide near Chalk Hill Road,mudslide,downpour,medium,-122.7574041,38.63990848,1km,Highway 128 Mudslide near Chalk Hill Road,NA,NA,NA,FALSE,132
10212,2017-01-09T16:56:00Z,Hillside Gave Way Above Santa Rosa Avenue and Old Monte Rio Road in Guerneville,mudslide,downpour,medium,-123.0185694,38.48659167,1km,Hillside Gave Way Above Santa Rosa Avenue and Old Monte Rio Road in Guerneville,NA,38.48659167,-123.0185694,TRUE,159
10214,2017-02-24T20:15:00Z,Morgan Territory Road Collapse Strands 100 people,mudslide,rain,medium,-121.871398,37.890359,1km,Morgan Territory Road Collapse Strands 100 people,NA,NA,NA,FALSE,167
10218,2017-02-17T21:26:00Z,Highway 128 Rock and Mudslides near Lake Berryessa Dam,mudslide,rain,medium,-122.09815,38.50983056,1km,Highway 128 Rock and Mudslides near Lake Berryessa Dam,NA,38.50983056,-122.09815,TRUE,149
10219,2017-01-11T14:45:00Z,Highway 128 Rockslides,rock_fall,rain,medium,-122.0822583,38.51563889,5km,Highway 128 Rockslides,NA,38.51563889,-122.0822583,TRUE,142
10220,2017-04-20T17:55:00Z,Landslide near Bridges Creek,landslide,downpour,medium,-123.7557456,39.90714161,1km,Landslide near Bridges Creek,NA,NA,NA,FALSE,141
10221,2017-04-26T13:17:00Z,Landslide 6 miles north of Leggett continues to slip (above HWY-101),landslide,rain,medium,-123.7495218,39.90752824,1km,Landslide 6 miles north of Leggett continues to slip (above HWY-101),NA,39.90752824,-123.7495218,TRUE,160
10231,2016-12-15T14:22:00Z,Landslide on Highway 299,landslide,rain,medium,-123.3112722,40.78014722,1km,Landslide on Highway 299,NA,40.78014722,-123.3112722,TRUE,153
10235,2017-03-07T16:30:00Z,Fenders Ferry Road Impassable Rock Slide near Madrone Campground,rock_fall,downpour,medium,-122.110964,40.91213877,1km,Fenders Ferry Road Impassable Rock Slide near Madrone Campground,NA,NA,NA,FALSE,164
10239,2016-12-12T14:22:00Z,Rockslide on Highway 49,landslide,rain,medium,-121.108961,39.367245,5km,Rockslide on Highway 49,NA,NA,NA,FALSE,168
10241,2017-02-10T16:25:00Z,South Yuba Canal Landslide in Bear Valley,landslide,downpour,medium,-120.686333,39.310563,10km,South Yuba Canal Landslide in Bear Valley,NA,NA,NA,FALSE,170
10244,2017-02-10T20:43:00Z,I-80 Mudslide at Truckee,mudslide,rain,medium,-120.7725278,39.22028056,5km,I-80 Mudslide at Truckee,NA,39.22028056,-120.7725278,TRUE,144
10245,2017-01-11T18:34:00Z,Morton Road Washes Away near Alta Exit of I-80,earth_flow,rain,medium,-120.8095385,39.20099639,exact,Morton Road Washes Away near Alta Exit of I-80,NA,NA,NA,FALSE,139
10247,2017-01-08T19:12:00Z,Mt Rose Highway Mudslide between Incline and Galena,mudslide,rain,medium,-119.9142097,39.30552057,5km,Mt Rose Highway Mudslide between Incline and Galena,NA,NA,NA,FALSE,175
10288,2017-01-24T20:14:00Z,Mudslide behind Lonesome Pine Country Club,landslide,downpour,medium,-82.67461254,36.8837723,1km,Mudslide behind Lonesome Pine Country Club,NA,NA,NA,FALSE,172
10302,2017-05-02T13:22:00Z,Landslide on Rt. 20 in Wind River Canyon,landslide,rain,medium,-108.1901238,43.54829,5km,Landslide on Rt. 20 in Wind River Canyon,NA,NA,NA,FALSE,189
10312,2017-07-11T14:05:00Z,Landslide near Aspen Airport closes Highway 82,landslide,downpour,medium,-106.8813681,39.24255184,exact,Landslide near Aspen Airport closes Highway 82,NA,NA,NA,FALSE,253
10319,2017-02-11T19:05:00Z,US-189 Mudslide in Provo Canyon near Sundance Turnoff,mudslide,rain,medium,-111.5538056,40.38475,exact,US-189 Mudslide in Provo Canyon near Sundance Turnoff,NA,40.38475,-111.5538056,TRUE,241
10323,2017-01-13T21:23:00Z,Zion Scenic Drive Rock Slide north of the Grotto,rock_fall,rain,medium,-112.9483461,37.26104331,1km,Zion Scenic Drive Rock Slide north of the Grotto,NA,NA,NA,FALSE,198
10325,2017-03-25T14:24:00Z,North Kaibab Trail Rockslide,rock_fall,downpour,medium,-112.04665,36.20770833,5km,North Kaibab Trail Rockslide,NA,36.20770833,-112.04665,TRUE,179
10339,2016-09-15T14:24:00Z,Landslide on Friendship Road,landslide,rain,medium,-95.18235833,39.85436667,5km,Landslide on Friendship Road,NA,39.85436667,-95.18235833,TRUE,206
10343,2017-05-03T13:22:00Z,Mudslide badly damages homes in Caseyville,mudslide,downpour,medium,-90.048951,38.60823855,exact,Mudslide badly damages homes in Caseyville,NA,NA,NA,FALSE,197
10346,2017-04-02T13:19:00Z,Multiple landslides along N Washington St.,landslide,downpour,medium,-90.87507319,32.36487904,5km,Multiple landslides along N Washington St.,NA,NA,NA,FALSE,216
10350,2017-01-16T19:15:00Z,Galice Road Rock Slide at Milepost 13,rock_fall,rain,medium,-123.593824,42.57651795,1km,Galice Road Rock Slide at Milepost 13,NA,NA,NA,FALSE,190
10357,2016-12-14T14:22:00Z,Mudslide Closes Northbound 101 Near Fernbridge,mudslide,rain,medium,-124.210692,40.621303,1km,Mudslide Closes Northbound 101 Near Fernbridge,NA,NA,NA,FALSE,245
10366,2017-01-10T17:02:00Z,Oro-Quincy Highway Mudslide in Berry Creek Area,mudslide,downpour,medium,-121.5003975,39.50534156,exact,Oro-Quincy Highway Mudslide in Berry Creek Area,NA,NA,NA,FALSE,234
10369,2017-02-07T16:23:00Z,Highway 70 Rock Slide between Virgilia and Pine Aire,rock_fall,rain,medium,-121.0975083,40.01721667,1km,Highway 70 Rock Slide between Virgilia and Pine Aire,NA,40.01721667,-121.0975083,TRUE,251
10372,2016-12-15T13:22:00Z,Highway 162 in Berry Creek covered in debris after mudslide,mudslide,rain,medium,-121.431598,39.63016,1km,Highway 162 in Berry Creek covered in debris after mudslide,NA,NA,NA,FALSE,208
10375,2017-02-10T16:48:00Z,Highway 50 Mudslide at Sand Flat,mudslide,rain,medium,-120.324996,38.76486531,1km,Highway 50 Mudslide at Sand Flat,NA,NA,NA,FALSE,214
10377,2017-02-10T16:48:00Z,Highway 50 Mudslide near Pollock Pines at Ice House Road,mudslide,rain,medium,-120.462975,38.77640556,1km,Highway 50 Mudslide near Pollock Pines at Ice House Road,NA,38.77640556,-120.462975,TRUE,177
10399,2017-01-08T20:15:00Z,Coastal Christian School Mudslide Across the Playground,mudslide,downpour,medium,-120.6067082,35.13748644,exact,Coastal Christian School Mudslide Across the Playground,NA,NA,NA,FALSE,232
10414,2017-01-24T20:56:00Z,Topanga Canyon Boulevard Closed between Grand View Drive and Pacific Coast Highway,mudslide,continuous_rain,medium,-118.5849607,34.06239011,5km,Topanga Canyon Boulevard Closed between Grand View Drive and Pacific Coast Highway,NA,NA,NA,FALSE,195
10422,2017-01-30T19:27:00Z,8100 Block Laurel View Drive Mudslide near Crescent Heights Blvd,debris_flow,rain,medium,-118.3671332,34.10195138,exact,8100 Block Laurel View Drive Mudslide near Crescent Heights Blvd,NA,NA,NA,FALSE,254
10425,2017-01-20T16:04:00Z,Sand Canyon and Iron Canyon Road Mud and Debris,mudslide,rain,medium,-118.4148235,34.39411841,1km,Sand Canyon and Iron Canyon Road Mud and Debris,NA,NA,NA,FALSE,239
10426,2017-02-17T22:55:00Z,Sand Canyon Road Mudflow in the Sand Canyon Burn Area,mudslide,downpour,medium,-118.4012139,34.37985833,1km,Sand Canyon Road Mudflow in the Sand Canyon Burn Area,NA,34.37985833,-118.4012139,TRUE,217
10427,2017-01-20T20:14:00Z,Agua Dulce Family Home Destroyed by Mudslide off of Soledad Canyon Road,mudslide,downpour,medium,-118.1995991,34.46134035,5km,Agua Dulce Family Home Destroyed by Mudslide off of Soledad Canyon Road,NA,NA,NA,FALSE,236
10432,2017-02-17T19:25:00Z,Southbound 15 Freeway Collapse in Landslide at Cajon Pass,landslide,rain,medium,-117.4793337,34.31601832,1km,Southbound 15 Freeway Collapse in Landslide at Cajon Pass,NA,NA,NA,FALSE,193
10433,2017-01-20T21:23:00Z,I-15 Mudslide near Cleghorn Road Causes Gridlock,mudslide,rain,medium,-117.3556802,34.28752918,1km,I-15 Mudslide near Cleghorn Road Causes Gridlock,NA,NA,NA,FALSE,228
10437,2017-01-12T21:23:00Z,Melcanyon Road Shut Down from Mudflow from Duarte Hillsides,mudslide,rain,medium,-117.9399056,34.15163333,exact,Melcanyon Road Shut Down from Mudflow from Duarte Hillsides,NA,34.15163333,-117.9399056,TRUE,211
10438,2017-01-20T20:38:00Z,Duarte Mud and Debris Flows from Second of Three Storms,debris_flow,downpour,large,-117.9438775,34.15029849,5km,Duarte Mud and Debris Flows from Second of Three Storms,NA,NA,NA,FALSE,229
10439,2016-12-16T14:35:00Z,Mudslide Near Monrovia Prompted Closure of Elementary School,mudslide,rain,medium,-117.9399139,34.15126389,exact,Mudslide Near Monrovia Prompted Closure of Elementary School,NA,34.15126389,-117.9399139,TRUE,227
10441,2017-01-22T19:39:00Z,Hill Collapse on Carbon Canyon Road near Santa Fe Road,mudslide,downpour,medium,-117.8330556,33.91920833,1km,Hill Collapse on Carbon Canyon Road near Santa Fe Road,NA,33.91920833,-117.8330556,TRUE,224
10442,2017-01-09T21:20:00Z,Highway 18 Rock Slide between Big Bear and Lucerne Valley,rock_fall,downpour,medium,-116.8297837,34.3330795,5km,Highway 18 Rock Slide between Big Bear and Lucerne Valley,NA,NA,NA,FALSE,243
10443,2017-02-16T19:34:00Z,Landslide the Size of Three Football Fields Threatens San Bernardino County,landslide,rain,medium,-116.9135222,34.07215,1km,Landslide the Size of Three Football Fields Threatens San Bernardino County,NA,34.07215,-116.9135222,TRUE,242
10444,2017-01-09T20:35:00Z,Highway 18 Rockslide past Castle Rock,rock_fall,downpour,medium,-116.9678174,34.23963205,1km,Highway 18 Rockslide past Castle Rock,NA,NA,NA,FALSE,205
10445,2016-12-16T14:35:00Z,Mudslide on Bellfower Avenue,mudslide,rain,medium,-116.950975,33.968473,exact,Mudslide on Bellfower Avenue,NA,NA,NA,FALSE,222
10446,2017-01-20T14:59:00Z,Gilman Springs Road Mudslide near Golden Era Compound,mudslide,rain,medium,-116.9863441,33.83302047,1km,Gilman Springs Road Mudslide near Golden Era Compound,NA,NA,NA,FALSE,212
10449,2016-12-25T16:02:00Z,Mudslide in Oceanside,mudslide,rain,medium,-117.3569946,33.20013525,exact,Mudslide in Oceanside,NA,NA,NA,FALSE,256
10456,2017-02-28T16:25:00Z,Highway 78 Rockslide in Bandy Canyon area,rock_fall,rain,medium,-116.9199524,33.08260792,1km,Highway 78 Rockslide in Bandy Canyon area,NA,NA,NA,FALSE,257
10466,2017-02-15T21:01:00Z,Highway 8 Mudslide near Spences Bridge,mudslide,rain,medium,-121.2386985,50.36554226,exact,Highway 8 Mudslide near Spences Bridge,NA,NA,NA,FALSE,183
10470,2017-04-27T13:17:00Z,Landslide destroys part of Eagle Bay Rd,landslide,rain,medium,-119.1268083,50.950825,exact,Landslide destroys part of Eagle Bay Rd,NA,50.950825,-119.1268083,TRUE,233
10475,2017-04-07T13:19:00Z,Landslide in Shuswap,landslide,rain,medium,-119.2360972,50.77656389,exact,Landslide in Shuswap,NA,50.77656389,-119.2360972,TRUE,210
10478,2017-05-06T13:28:00Z,Fatal mudslide in Shuswap,mudslide,rain,medium,-119.2360972,50.77656389,exact,Fatal mudslide in Shuswap,NA,50.77656389,-119.2360972,TRUE,252
10484,2017-03-27T15:09:00Z,Deep Creek Landslide into Peachland's water source,landslide,rain,medium,-119.801875,49.756601,exact,Deep Creek Landslide into Peachland's water source,NA,NA,NA,FALSE,176
10487,2017-07-06T13:16:00Z,Landslide near Crescent Beach,landslide,rain,medium,-119.6623583,49.62232222,exact,Landslide near Crescent Beach,NA,49.62232222,-119.6623583,TRUE,187
10493,2017-04-18T17:47:00Z,Landslide causes evacuation of 47 homes in Kalso,landslide,rain,medium,-116.9388675,49.91772889,1km,Landslide causes evacuation of 47 homes in Kalso,NA,NA,NA,FALSE,255
10494,2017-03-23T14:24:00Z,New Denver Highway 6 Mudslide,mudslide,rain,medium,-117.3704058,49.98337245,1km,New Denver Highway 6 Mudslide,NA,NA,NA,FALSE,213
10497,2017-03-18T14:24:00Z,Kootenay Pass Mudslides and Rockslides,mudslide,rain,medium,-117.0382904,49.06108608,1km,Kootenay Pass Mudslides and Rockslides,NA,NA,NA,FALSE,185
10507,2017-03-21T19:32:00Z,Boundary County Highway 95 Mudslide on Milepost 498,mudslide,continuous_rain,medium,-116.369756,48.605862,1km,Boundary County Highway 95 Mudslide on Milepost 498,NA,NA,NA,FALSE,226
10511,2017-04-09T13:34:00Z,Landslide on Myrtle Creek Road,landslide,continuous_rain,medium,-116.5300705,48.72384823,10km,Landslide on Myrtle Creek Road,NA,NA,NA,FALSE,204
10521,2017-04-02T15:21:00Z,Porcupine Bay Road Landslide in Lincoln County,landslide,downpour,large,-118.1638278,47.88405278,exact,Porcupine Bay Road Landslide in Lincoln County,NA,47.88405278,-118.1638278,TRUE,238
10524,2017-04-15T13:34:00Z,Landslides on HWY-20 near Twisp,landslide,continuous_rain,medium,-120.0729447,48.34711783,5km,Landslides on HWY-20 near Twisp,NA,NA,NA,FALSE,178
10525,2017-02-16T14:17:00Z,Washout destroys part of road + car on drive between Lind and Warden,landslide,rain,medium,-118.7098838,46.95593447,5km,Washout destroys part of road + car on drive between Lind and Warden,NA,NA,NA,FALSE,219
10530,2016-11-22T15:00:00Z,Landslide in Tillamook Forest,landslide,rain,medium,-123.6011972,45.584425,5km,Landslide in Tillamook Forest,NA,45.584425,-123.6011972,TRUE,207
10532,2017-01-05T19:12:00Z,Highway 20 Landslide west of Toledo,landslide,rain,medium,-123.9675087,44.62725474,exact,Highway 20 Landslide west of Toledo,NA,NA,NA,FALSE,244
10536,2017-03-15T18:40:00Z,Highway 101 near Nestucca Bend Landslide,landslide,rain,medium,-123.8354833,45.27041667,1km,Highway 101 near Nestucca Bend Landslide,NA,45.27041667,-123.8354833,TRUE,230
10542,2017-02-15T15:32:00Z,Yingst Road Rock Slide Erodes Road,rock_fall,flooding,medium,-114.5205872,42.63338074,exact,Yingst Road Rock Slide Erodes Road,NA,NA,NA,FALSE,200
10544,2017-01-18T19:44:00Z,"Highway 36 Landslide west of Triangle Lake, at milepost 24.5",landslide,rain,medium,-123.5898268,44.13859082,exact,"Highway 36 Landslide west of Triangle Lake, at milepost 24.5",NA,NA,NA,FALSE,194
10546,2017-02-16T18:40:00Z,Highway 36 Landslide West of Triangle Lake,landslide,rain,medium,-123.620023,44.12321599,1km,Highway 36 Landslide West of Triangle Lake,NA,NA,NA,FALSE,202
10548,2017-01-22T19:44:00Z,Highway 36 Second Landslide at Milepost 25.2 near Triangle Lake,landslide,rain,medium,-123.5759976,44.15797479,exact,Highway 36 Second Landslide at Milepost 25.2 near Triangle Lake,NA,NA,NA,FALSE,188
10549,2017-01-09T18:34:00Z,East Beaver Hill Lane Landslide in Coquille,landslide,rain,large,-124.3049956,43.20365429,exact,East Beaver Hill Lane Landslide in Coquille,NA,NA,NA,FALSE,184
10554,2017-04-30T13:22:00Z,Landslide on Salmon Creek Rd,landslide,rain,medium,-122.6706556,45.71264722,1km,Landslide on Salmon Creek Rd,NA,45.71264722,-122.6706556,TRUE,247
10558,2017-03-15T16:46:00Z,Kalama River Road blocked by Landslide East of Italian Creek Road,landslide,continuous_rain,medium,-122.738416,46.029522,1km,Kalama River Road blocked by Landslide East of Italian Creek Road,NA,NA,NA,FALSE,196
10561,2017-03-31T12:57:00Z,Massive Landslide Shuts Down Highway 503 In Southwest Washington,landslide,rain,medium,-122.4210472,45.98619167,1km,Massive Landslide Shuts Down Highway 503 In Southwest Washington,NA,45.98619167,-122.4210472,TRUE,218
10570,2017-01-18T16:04:00Z,NW Newberry Road Landslide in Multnomah County,landslide,downpour,medium,-122.8190661,45.61062404,1km,NW Newberry Road Landslide in Multnomah County,NA,NA,NA,FALSE,199
10588,2017-04-13T13:34:00Z,Significant landslide on WA-129,landslide,continuous_rain,large,-117.2441381,46.04343186,exact,Significant landslide on WA-129,NA,NA,NA,FALSE,203
10598,2016-11-28T15:00:00Z,Mudslide halts Passenger Rail Service,mudslide,rain,medium,-122.3890917,47.78810833,10km,Mudslide halts Passenger Rail Service,NA,47.78810833,-122.3890917,TRUE,201
10611,2017-01-19T21:23:00Z,California Avenue SW Landslide from Water Main Break,mudslide,rain,medium,-122.3875972,47.51851667,exact,California Avenue SW Landslide from Water Main Break,NA,47.51851667,-122.3875972,TRUE,235
10612,2017-03-16T15:47:00Z,10th Place SW Landslide in City of Normandy Park,landslide,rain,medium,-122.3461167,47.41773333,exact,10th Place SW Landslide in City of Normandy Park,NA,47.41773333,-122.3461167,TRUE,220
10623,2017-02-09T20:43:00Z,Private Lane Landslide Damages Home in Maple Valley near Cedar River,landslide,rain,medium,-122.0103694,47.385125,exact,Private Lane Landslide Damages Home in Maple Valley near Cedar River,NA,47.385125,-122.0103694,TRUE,192
10627,2017-03-16T14:10:00Z,Southwest Dash Point Road Mudslide,mudslide,rain,medium,-122.369025,47.325353,exact,Southwest Dash Point Road Mudslide,NA,47.325353,-122.369025,TRUE,191
10634,2017-02-09T18:08:00Z,State Route 7 Massive Mudslide Slams into Home,mudslide,downpour,medium,-122.1981139,46.68292222,1km,State Route 7 Massive Mudslide Slams into Home,NA,46.68292222,-122.1981139,TRUE,209
10645,2017-02-17T20:04:00Z,North 8th Street Sinkhole in Lynden,landslide,continuous_rain,medium,-122.4605639,48.94910833,1km,North 8th Street Sinkhole in Lynden,NA,48.94910833,-122.4605639,TRUE,223
10646,2017-02-18T17:46:00Z,Chilliwack Vedder Mountain Landslide Forces Evacuation,landslide,rain,medium,-122.0066028,49.085925,exact,Chilliwack Vedder Mountain Landslide Forces Evacuation,NA,49.085925,-122.0066028,TRUE,248
10651,2017-05-03T13:22:00Z,Landslide damages homes in Mt. Adams,landslide,rain,medium,-84.50092778,39.10581389,exact,Landslide damages homes in Mt. Adams,NA,39.10581389,-84.50092778,TRUE,215
10682,2017-01-17T20:58:00Z,646 South Main Street Businesses Evacuated by Mudslide,mudslide,rain,medium,-81.48218355,36.411747,exact,646 South Main Street Businesses Evacuated by Mudslide,NA,NA,NA,FALSE,181
